{
  "distribution_analysis": {
    "total_samples": 63999,
    "class_counts": {
      "false": 47169,
      "true": 16830
    },
    "class_percentages": {
      "false": 73.70271410490788,
      "true": 26.29728589509211
    },
    "minority_class": "True",
    "majority_class": "False",
    "imbalance_ratio": 2.802673796791444,
    "minority_percentage": 26.29728589509211,
    "majority_percentage": 73.70271410490788
  },
  "experiment_results": [
    {
      "model_name": "LogisticRegression",
      "sampling_strategy": "None",
      "class_weights": "None",
      "metrics": {
        "accuracy": 0.7710625,
        "precision": 0.6365914786967418,
        "recall": 0.3018060836501901,
        "f1": 0.4094792842173142,
        "specificity": 0.9385176390773405,
        "roc_auc": 0.7447345400116596
      },
      "training_time": 3.4618589878082275,
      "sample_sizes": {
        "original_train": 63999,
        "resampled_train": 63999,
        "test": 16000
      },
      "threshold_optimization": {
        "optimal_threshold": 0.24570964564260528,
        "j_statistic": 0.3620557341188974,
        "optimal_tpr": 0.6834600760456274,
        "optimal_fpr": 0.32140434192673
      },
      "optimal_threshold_metrics": {
        "accuracy": 0.679875,
        "precision": 0.4314431443144314,
        "recall": 0.6834600760456274,
        "f1": 0.5289681809821593,
        "specificity": 0.67859565807327
      },
      "weight_strategy": "none"
    },
    {
      "model_name": "LogisticRegression",
      "sampling_strategy": "None",
      "class_weights": "{np.False_: np.float64(0.6784010684983782), np.True_: np.float64(1.901336898395722)}",
      "metrics": {
        "accuracy": 0.703625,
        "precision": 0.45387007601935037,
        "recall": 0.624287072243346,
        "f1": 0.525610244097639,
        "specificity": 0.7319369063772049,
        "roc_auc": 0.7434340353194278
      },
      "training_time": 1.769113302230835,
      "sample_sizes": {
        "original_train": 63999,
        "resampled_train": 63999,
        "test": 16000
      },
      "threshold_optimization": {
        "optimal_threshold": 0.4943108193318305,
        "j_statistic": 0.357366726684586,
        "optimal_tpr": 0.6321292775665399,
        "optimal_fpr": 0.2747625508819539
      },
      "optimal_threshold_metrics": {
        "accuracy": 0.70075,
        "precision": 0.45084745762711864,
        "recall": 0.6321292775665399,
        "f1": 0.5263157894736842,
        "specificity": 0.7252374491180461
      },
      "weight_strategy": "balanced"
    },
    {
      "model_name": "LogisticRegression",
      "sampling_strategy": "SMOTE",
      "class_weights": "None",
      "metrics": {
        "accuracy": 0.7083125,
        "precision": 0.4578357523424582,
        "recall": 0.5922053231939164,
        "f1": 0.5164231685835665,
        "specificity": 0.7497455902306649,
        "roc_auc": 0.7380118868047423
      },
      "training_time": 14.855009078979492,
      "sample_sizes": {
        "original_train": 63999,
        "resampled_train": 94338,
        "test": 16000
      },
      "threshold_optimization": {
        "optimal_threshold": 0.4065337357360969,
        "j_statistic": 0.3468056580216787,
        "optimal_tpr": 0.7012832699619772,
        "optimal_fpr": 0.35447761194029853
      },
      "optimal_threshold_metrics": {
        "accuracy": 0.6601875,
        "precision": 0.41382695274155096,
        "recall": 0.7012832699619772,
        "f1": 0.5205044536555252,
        "specificity": 0.6455223880597015
      },
      "weight_strategy": "none"
    },
    {
      "model_name": "LogisticRegression",
      "sampling_strategy": "SMOTE",
      "class_weights": "{np.False_: np.float64(0.6784010684983782), np.True_: np.float64(1.901336898395722)}",
      "metrics": {
        "accuracy": 0.566875,
        "precision": 0.3591680463576159,
        "recall": 0.8248574144486692,
        "f1": 0.5004325259515571,
        "specificity": 0.4748134328358209,
        "roc_auc": 0.7377929057722965
      },
      "training_time": 14.147242069244385,
      "sample_sizes": {
        "original_train": 63999,
        "resampled_train": 94338,
        "test": 16000
      },
      "threshold_optimization": {
        "optimal_threshold": 0.6487615750530659,
        "j_statistic": 0.3485059149465256,
        "optimal_tpr": 0.6855988593155894,
        "optimal_fpr": 0.3370929443690638
      },
      "optimal_threshold_metrics": {
        "accuracy": 0.668875,
        "precision": 0.4205539358600583,
        "recall": 0.6855988593155894,
        "f1": 0.5213227322009396,
        "specificity": 0.6629070556309362
      },
      "weight_strategy": "balanced"
    },
    {
      "model_name": "LogisticRegression",
      "sampling_strategy": "ADASYN",
      "class_weights": "None",
      "metrics": {
        "accuracy": 0.698375,
        "precision": 0.4466321243523316,
        "recall": 0.6145437262357415,
        "f1": 0.5173034606921384,
        "specificity": 0.7282903663500678,
        "roc_auc": 0.736076224262373
      },
      "training_time": 37.19266986846924,
      "sample_sizes": {
        "original_train": 63999,
        "resampled_train": 95666,
        "test": 16000
      },
      "threshold_optimization": {
        "optimal_threshold": 0.47036274902261704,
        "j_statistic": 0.3494629342055708,
        "optimal_tpr": 0.6528041825095057,
        "optimal_fpr": 0.3033412483039349
      },
      "optimal_threshold_metrics": {
        "accuracy": 0.685125,
        "precision": 0.43437697659709046,
        "recall": 0.6528041825095057,
        "f1": 0.5216483099126472,
        "specificity": 0.6966587516960652
      },
      "weight_strategy": "none"
    },
    {
      "model_name": "LogisticRegression",
      "sampling_strategy": "ADASYN",
      "class_weights": "{np.False_: np.float64(0.6784010684983782), np.True_: np.float64(1.901336898395722)}",
      "metrics": {
        "accuracy": 0.546125,
        "precision": 0.349467665615142,
        "recall": 0.8424429657794676,
        "f1": 0.4940078037904125,
        "specificity": 0.4403833107191316,
        "roc_auc": 0.7368688364477303
      },
      "training_time": 39.3311231136322,
      "sample_sizes": {
        "original_train": 63999,
        "resampled_train": 95666,
        "test": 16000
      },
      "threshold_optimization": {
        "optimal_threshold": 0.6769957603646953,
        "j_statistic": 0.3504170514520381,
        "optimal_tpr": 0.6789448669201521,
        "optimal_fpr": 0.328527815468114
      },
      "optimal_threshold_metrics": {
        "accuracy": 0.6734375,
        "precision": 0.4244540187193582,
        "recall": 0.6789448669201521,
        "f1": 0.5223512204040589,
        "specificity": 0.6714721845318861
      },
      "weight_strategy": "balanced"
    },
    {
      "model_name": "RandomForest",
      "sampling_strategy": "None",
      "class_weights": "None",
      "metrics": {
        "accuracy": 0.737,
        "precision": 0.0,
        "recall": 0.0,
        "f1": 0.0,
        "specificity": 1.0,
        "roc_auc": 0.707534134519891
      },
      "training_time": 12.857750177383423,
      "sample_sizes": {
        "original_train": 63999,
        "resampled_train": 63999,
        "test": 16000
      },
      "threshold_optimization": {
        "optimal_threshold": 0.2551262871689367,
        "j_statistic": 0.3031058628392775,
        "optimal_tpr": 0.7317015209125475,
        "optimal_fpr": 0.42859565807327
      },
      "optimal_threshold_metrics": {
        "accuracy": 0.6135625,
        "precision": 0.3785810893889094,
        "recall": 0.7317015209125475,
        "f1": 0.49898711611700836,
        "specificity": 0.57140434192673
      },
      "weight_strategy": "none"
    },
    {
      "model_name": "RandomForest",
      "sampling_strategy": "None",
      "class_weights": "{np.False_: np.float64(0.6784010684983782), np.True_: np.float64(1.901336898395722)}",