{
  "timestamp": "20250809_040325",
  "sample_size": 10000,
  "comparison": {
    "performance": {
      "grid_score": 0.6180689881064381,
      "ga_strict_score": 0.6432453627799724,
      "ga_advantage_score": 0.6432089575910487
    },
    "efficiency": {
      "grid_time": 42.222333908081055,
      "ga_strict_time": 178.06326293945312,
      "ga_advantage_time": 80.7101411819458
    },
    "best_performance": "ga_strict_score",
    "fastest_method": "grid_time",
    "parameter_discovery": {
      "grid_c": 1.0,
      "ga_advantage_c": 1.0,
      "continuous_advantage": false
    }
  },
  "grid_results": {
    "model_type": "GridSearch_Minimal",
    "best_params": {
      "classifier__C": 1.0,
      "classifier__class_weight": "balanced",
      "classifier__l1_ratio": 0.5,
      "classifier__max_iter": 1000,
      "classifier__penalty": "elasticnet",
      "tfidf__max_df": 0.95,
      "tfidf__max_features": 40000,
      "tfidf__min_df": 2,
      "tfidf__ngram_range": [
        1,
        2
      ],
      "tfidf__sublinear_tf": true
    },
    "cv_f1": 0.4918585995624989,
    "cv_auc": 0.7172084691066178,
    "test_f1": 0.48623131392604246,
    "test_auc": 0.7166732367210094,
    "multi_objective_score": 0.6180689881064381,
    "optimization_time": 42.222333908081055,
    "total_evals": 36
  },
  "ga_strict_results": {
    "model_type": "GA_Strict_Minimal",
    "best_params": {
      "tfidf__max_features": "40000",
      "classifier__C": 1.0,
      "classifier__penalty": "l2",
      "tfidf__ngram_range": [
        1,
        2
      ]
    },
    "cv_f1": 0.4847723340642558,
    "cv_auc": 0.7172084691066178,
    "test_f1": 0.9699812382739212,
    "test_auc": 0.9987107081477781,
    "multi_objective_score": 0.6432453627799724,
    "optimization_time": 178.06326293945312,
    "total_evals": 60
  },
  "ga_advantage_results": {
    "model_type": "GA_Advantage_Minimal",
    "best_params": {
      "tfidf__max_features": "40000",
      "classifier__C": 1.0,
      "classifier__penalty": "l2",
      "tfidf__ngram_range": [
        1,
        2
      ]
    },
    "cv_f1": 0.4847723340642558,
    "cv_auc": 0.7172084691066178,
    "test_f1": 0.9699812382739212,
    "test_auc": 0.9987107081477781,
    "multi_objective_score": 0.6432089575910487,
    "optimization_time": 80.7101411819458,
    "total_evals": 60
  }
}