{
  "training_timestamp": "2025-08-06T07:59:52.451067",
  "baseline_model": {
    "train_metrics": {
      "accuracy": 0.8016375255863373,
      "precision": 0.7613449627101504,
      "recall": 0.35787284610814024,
      "f1": 0.4868841194777899,
      "roc_auc": 0.8343830612638765
    },
    "eval_metrics": {
      "accuracy": 0.7709375,
      "precision": 0.6354114713216957,
      "recall": 0.30275665399239543,
      "f1": 0.4101078384033478,
      "roc_auc": 0.7451528328801895
    },
    "cv_results": {
      "mean_f1": 0.39925471241247795,
      "std_f1": 0.011013412016834444,
      "f1_scores": [
        0.38878581735724593,
        0.4168361122407483,
        0.3864294580057923,
        0.4002445486040351,
        0.40397762585456803
      ]
    },
    "model_path": "/Users/scottstearns/Library/CloudStorage/GoogleDrive-stearns.scottd@gmail.com/My Drive/IK Course Materials/SpoilerShield/outputs/baseline_model.pkl"
  },
  "hyperparameter_search": {
    "best_score": 0.4101078384033478,
    "best_params": {
      "skipped": true
    },
    "results_path": "skipped"
  },
  "additional_models": {
    "Random Forest": {
      "metrics": {
        "accuracy": 0.68975,
        "precision": 0.42937219730941706,
        "recall": 0.5461026615969582,
        "f1": 0.48075313807531384,
        "roc_auc": 0.7123596876918553
      },
      "model_path": "/Users/scottstearns/Library/CloudStorage/GoogleDrive-stearns.scottd@gmail.com/My Drive/IK Course Materials/SpoilerShield/outputs/random_forest_model.pkl"
    },
    "SVM": {
      "metrics": {
        "accuracy": 0.263,
        "precision": 0.263,
        "recall": 1.0,
        "f1": 0.4164687252573238,
        "roc_auc": 0.5739029142977645
      },
      "model_path": "/Users/scottstearns/Library/CloudStorage/GoogleDrive-stearns.scottd@gmail.com/My Drive/IK Course Materials/SpoilerShield/outputs/svm_model.pkl"
    },
    "Naive Bayes": {
      "metrics": {
        "accuracy": 0.752875,
        "precision": 0.6901197604790419,
        "recall": 0.1095532319391635,
        "f1": 0.18908941755537326,
        "roc_auc": 0.7172640687957551
      },
      "model_path": "/Users/scottstearns/Library/CloudStorage/GoogleDrive-stearns.scottd@gmail.com/My Drive/IK Course Materials/SpoilerShield/outputs/naive_bayes_model.pkl"
    }
  },
  "evaluation_summary": {
    "models_evaluated": [
      "Baseline_TF-IDF_LogReg",
      "Random Forest",
      "SVM",
      "Naive Bayes"
    ],
    "best_model": "Random Forest",
    "best_f1_score": 0.48075313807531384,
    "model_rankings": [
      {
        "model": "Random Forest",
        "f1_score": 0.48075313807531384,
        "accuracy": 0.68975,
        "precision": 0.42937219730941706,
        "recall": 0.5461026615969582,
        "specificity": 0.7410108548168249,
        "roc_auc": 0.7123596876918553
      },
      {
        "model": "SVM",
        "f1_score": 0.4164687252573238,
        "accuracy": 0.263,
        "precision": 0.263,
        "recall": 1.0,
        "specificity": 0.0,
        "roc_auc": 0.5739029142977645
      },
      {
        "model": "Baseline_TF-IDF_LogReg",
        "f1_score": 0.4101078384033478,
        "accuracy": 0.7709375,
        "precision": 0.6354114713216957,
        "recall": 0.30275665399239543,
        "specificity": 0.9380088195386703,
        "roc_auc": 0.7451528328801895
      },
      {
        "model": "Naive Bayes",
        "f1_score": 0.18908941755537326,
        "accuracy": 0.752875,
        "precision": 0.6901197604790419,
        "recall": 0.1095532319391635,
        "specificity": 0.9824457259158752,
        "roc_auc": 0.7172640687957551
      }
    ],
    "evaluation_timestamp": "2025-08-06T07:59:52.450864"
  },
  "files_created": [
    "/Users/scottstearns/Library/CloudStorage/GoogleDrive-stearns.scottd@gmail.com/My Drive/IK Course Materials/SpoilerShield/outputs/baseline_model.pkl",
    "skipped",
    "/Users/scottstearns/Library/CloudStorage/GoogleDrive-stearns.scottd@gmail.com/My Drive/IK Course Materials/SpoilerShield/outputs/random_forest_model.pkl",
    "/Users/scottstearns/Library/CloudStorage/GoogleDrive-stearns.scottd@gmail.com/My Drive/IK Course Materials/SpoilerShield/outputs/svm_model.pkl",
    "/Users/scottstearns/Library/CloudStorage/GoogleDrive-stearns.scottd@gmail.com/My Drive/IK Course Materials/SpoilerShield/outputs/naive_bayes_model.pkl"
  ]
}